#,address,fsGLP_distribution,eth_glv_distribution,btc_glv_distribution
1,0xea00739f02d4134e78c51a8c4ed6ceeca6c19d53,70243.623329153662780300,30894.300242561763297999,28423.562669797167473007
2,0xd22314d6b6cb3863c0bea5aa92ceb9dfebd2f9c1,49480.080442250553460326,21762.152758634110796265,20021.748604377680749167
3,0x500dd643792a3d283c0d3db3af9b69ad6b862aae,70.744692280506555448,31.114678604207256285,28.626316515138135799
4,0xf9748b92ca6b8e220fd220f56ce527869e34bb66,4777.508452405329080648,2101.226752617249530886,1933.183461594999698718