#,address,fsGLP_distribution,eth_glv_distribution,btc_glv_distribution
1,0xea00739f02d4134e78c51a8c4ed6ceeca6c19d53,70243.623329153662780300,31057.332964258257561596,28573.557028161681955680
2,0xd22314d6b6cb3863c0bea5aa92ceb9dfebd2f9c1,49480.080442250553460326,21876.994103683486173395,20127.405638653694040840
3,0x500dd643792a3d283c0d3db3af9b69ad6b862aae,70.744692280506555448,31.278874287479830230,28.777380828500589871
4,0xf9748b92ca6b8e220fd220f56ce527869e34bb66,4777.508452405329080648,2112.315164191263193061,1943.385089599604043542