#,address,fsGLP_distribution
1,0xea00739f02d4134e78c51a8c4ed6ceeca6c19d53,70350.513622411410324275
2,0xd22314d6b6cb3863c0bea5aa92ceb9dfebd2f9c1,49555.374683325011574198
3,0x500dd643792a3d283c0d3db3af9b69ad6b862aae,70.852345054465232010
4,0xf9748b92ca6b8e220fd220f56ce527869e34bb66,4784.778425896389308036